participant,Neptun,Computer_task,thanks,Challengescenario,Failurescenario,Criticismscenario,IQ1,IQ2,FMS1,FMS2,FMS3,FMS4,CrMS1,CrMS2,CrMS3,CrMS4,ChMS1,ChMS2,ChMS3,ChMS4,Ego1,Ego2,Ego3,Ego4,Ego5,Ego6,Ego7,Ego8,Ego9,Ego10,Ego11,university,gender,age,father,mother,feedback,thanks2,INFOSCREEN,TIME_start,TIME_end,TIME_total
s.ff683742-a3a6-4e2d-bb3a-69ac279810fb.txt,23260,"",3686,227616,17358,23494,9552,5661,7665,3518,9120,5901,4879,4839,12444,4535,3397,9357,4527,4155,5073,3778,3974,5991,8053,5901,7353,3467,3718,5836,2747,1030169,2535,5673,24121,3056,4636,3157,220487,2020-03-08-09-45,2020-03-08-10-22,37
s.bf8afbb4-8f21-40b3-983a-324e607335bc.txt,15770,"",4969,32069,55934,15646,7590,6496,4827,7839,8238,6210,6228,4461,4152,8417,4436,11849,6673,3648,6729,5005,6563,4785,8977,5905,70926,5338,98574,9952,4763,24298,4866,10532,28943,3284,3767,2942,129058,2020-02-29-10-56,2020-02-29-11-21,25
s.4a45cc3c-b246-45df-8506-f1576b72facd.txt,6354,"",5331,18478,15762,23693,28876,8508,8551,4598,6531,7306,4027,5711,9475,4002,4990,3742,5148,3805,5257,8866,6985,4277,3716,6290,4893,5216,8888,4785,6328,14425,4054,5733,3338,8318,4523,16130,41381,2020-03-09-08-31,2020-03-09-08-49,18
s.9757bd85-154b-44c3-a2ab-1fa74926cea9.txt,19480,"",6379,29687,14758,16003,4735,5986,4523,6479,6094,5167,3976,5018,3205,3803,2772,3397,3585,3500,3686,4970,5536,2934,5964,3880,3673,19929,4080,4361,4414,132258,2794,5025,7415,2578,5803,6249,70180,2020-03-05-15-08,2020-03-05-15-27,19
s.2c654e96-8131-43ba-aa9a-189d51e7f53c.txt,9742,"",3959,16006,14638,11520,8995,4400,5861,3870,4695,5133,3072,6431,3106,3280,5969,2918,21680,3702,4016,5150,6645,2779,4179,2964,5943,4250,3165,4478,8436,6027,3479,2021,5397,2788,3577,5188,38868,2020-02-29-14-13,2020-02-29-14-31,18
s.13f4ddff-f354-4160-8b72-8d259bfbaacb.txt,23954,"",4208,24270,17193,13752,6768,5640,3749,6663,4229,6671,4633,4354,3918,5553,11178,3862,4789,4051,36423,3769,4946,6966,3032,5775,6534,4429,2955,5388,3132,5310,2357,10180,4845,2056,3819,4759,18004,2020-03-21-11-39,2020-03-21-11-57,18
s.03c1f7c6-ceb6-47b5-8902-e42f35514c6c.txt,14348,"",3519,34983,20871,14588,10463,7443,4536,2845,4381,4141,3850,3275,3984,3810,4557,3819,4891,5121,3128,11984,3537,3632,2655,2945,4842,3119,3341,6043,4143,4493,2334,4238,3284,2302,2669,5756,81123,2020-03-20-12-07,2020-03-20-12-24,17
s.d5827bf7-5999-4e80-beeb-a23ae3607a01.txt,18724,"",6421,39701,51020,22026,8858,13494,6543,6785,11617,15253,9292,12094,9104,7020,15253,8195,15639,7931,7362,13175,10598,5118,5500,7293,30007,6731,5626,11599,7974,33937,7237,9578,5564,4411,8085,4843,335189,2020-03-08-23-00,2020-03-08-23-22,22
s.8dbdbd44-7372-4121-b6bc-0b11f1de4368.txt,5598,"",4226,50558,24916,17286,10642,8065,3864,5843,3489,9359,3937,4625,5057,4271,3094,4779,3285,5679,6838,7064,8474,7120,3249,4422,5774,3613,7801,4058,3945,4490,2896,3531,8356,6060,4328,4053,39867,2020-03-01-15-04,2020-03-01-15-21,17
s.03c69647-6573-4bba-bfea-9cb486b3f46a.txt,5917,"","","","","","","","","","","","","","","","","","","","","","","","","","","","","","","","","","","","","",9476,2020-03-16-18-22,"",""
s.b69adfb5-d35c-42e3-9004-7d8bc940811f.txt,13731,"",4229,21735,27717,18169,9193,7944,4637,3193,5262,6985,5263,3589,6247,3800,4105,4343,4971,5259,3381,3833,5514,2714,3278,5673,5516,6456,4374,24130,3252,12600,2158,6036,4883,2056,3315,4981,19509,2020-03-05-22-37,2020-03-05-23-01,24
s.870b2940-6da5-46da-b84c-2589e4a9d2ea.txt,9011,"",7483,7716,44337,29821,36789,14179,12925,7808,26587,6359,5465,5741,6595,5162,5916,6168,31324,7381,10644,14693,7655,7761,5044,4145,10383,4717,20600,11608,9149,8664,4008,7423,4213,2465,4102,1166,17847,2020-03-21-17-36,2020-03-21-17-59,23
s.7d36431c-6171-4889-8c80-e862e4d8c5d9.txt,13901,"",6506,23794,18579,20125,7318,6525,3807,3468,6823,6103,5962,3857,4725,3994,3509,3615,6589,4793,8687,4237,5106,4490,5430,3616,3914,5296,3249,4493,3578,27149,2864,5249,9916,2875,3988,9414,20644,2020-03-19-14-55,2020-03-19-15-12,17
s.7a172754-a2f3-49cc-9625-89fb5eed67f2.txt,21566,"",3995,46395,28051,21331,10184,11556,22167,6050,8731,11809,6352,4239,5239,4251,7579,8235,6143,4707,6619,6986,6650,3428,5557,5288,5738,15236,5220,6155,4413,6098,3152,5077,4270,2204,5851,5565,40204,2020-03-20-11-08,2020-03-20-11-29,21
s.1d3e0831-763a-4a22-9e70-0d35229f8aa5.txt,7577,"",3801,38625,16126,27064,4914,3674,9100,6757,13660,9966,4883,57475,6876,5398,8112,7114,7235,26917,3660,4172,5958,7403,19408,5144,8008,4320,3494,4985,4046,17272,2397,7501,6769,2163,10093,13254,34646,2020-03-02-09-29,2020-03-02-09-53,24
s.bc08ef13-93c7-498c-a6a4-03e48c160fcc.txt,16105,"",6071,26060,24815,27757,7572,7500,4712,7531,7808,63169,4109,10769,4954,5863,3470,4375,5977,14628,5760,9747,11456,7414,3475,108540,6398,4238,12862,6448,4213,5564,3152,5920,4998,3019,4559,7856,138112,2020-03-19-17-18,2020-03-19-17-42,24
s.60166858-5059-4ebd-a40f-5921e57f8be1.txt,6837,"",4694,21894,20553,16371,6566,14367,4897,5000,4609,3736,4196,3920,2960,3803,4550,3935,2900,5329,3438,6183,4775,3786,3162,5045,4004,3297,3609,5069,3918,3750,2641,3981,5138,3596,4270,1444,45034,2020-03-19-19-01,2020-03-19-19-17,16
s.146f2aa9-6cc9-4826-85d2-3df98febd375.txt,14529,"",6244,18167,19605,22861,6263,9344,4797,6446,3532,5608,7605,4800,3226,4073,4655,3426,11609,5964,5707,5260,5074,11929,3925,5357,5752,6506,4248,4484,4196,42584,3874,5889,6295,2578,6017,7928,128542,2020-02-28-21-12,2020-02-28-21-31,19
s.4cdc1f7f-ecb0-4276-9511-686b93038b56.txt,28389,"",6196,24499,17409,21595,6587,6507,7911,7842,6428,7922,8510,4490,4157,7888,28755,8665,6438,3494,7375,6690,7425,6654,5609,5751,8544,6414,7780,4817,7644,13131,3307,7678,4747,2779,4799,4301,36219,2020-03-20-10-42,2020-03-20-11-04,22
s.b0c136a1-3eb5-47d0-a5c0-bc0d8e1fd5b7.txt,14207,"",6603,37428,27627,30311,6787,8365,8250,9681,5726,14898,4017,3466,3654,7607,7734,9718,10168,6921,7834,5477,5653,8746,7031,4210,5781,4081,4141,10980,6068,25762,4064,4897,8583,3216,86687,10165,60259,2020-03-02-14-29,2020-03-02-14-50,21
s.d592b2e5-5b63-414d-a88f-0f9ab879ac04.txt,16111,"",5801,37694,29685,18026,53683,10108,5366,7580,30553,17352,4046,75169,5768,6777,3424,3264,2482,3345,4112,5435,6805,5030,3109,8619,4196,3853,3364,7424,3801,38697,4252,6780,8324,3444,97833,7646,64451,2020-03-20-19-06,2020-03-20-19-33,27
s.1a271e59-392d-4d8b-9d52-0e3ace0ce631.txt,"","","","","","","","","","","","","","","","","","","","","","","","","","","","","","","","","","","","","","",161076,2020-03-05-16-49,"",""
s.3eb4ca05-da5c-4731-9140-e42d02167448.txt,27538,"",4494,49648,41292,31528,13614,10335,13907,6995,5497,17821,5559,4541,6346,4181,4742,5224,5888,5209,6038,13037,8013,4719,3511,6809,7676,9690,3833,4553,3631,29425,3879,6868,8835,11872,5603,9314,20716,2020-03-19-14-35,2020-03-19-14-56,21
s.d76314c5-aa1d-467b-aaa1-e1dd3997ace0.txt,177222,"","","","","","","","","","","","","","","","","","","","","","","","","","","","","","","","","","","","","",77688,2020-04-09-09-25,"",""
s.89c0b135-1474-4691-97bd-317919ddaa50.txt,5516,"",4801,25637,18513,35421,4894,6726,4474,40869,9392,9384,5097,13106,4861,7976,6502,10741,5408,12776,5353,4802,9843,7384,4928,7118,5753,4471,3919,6095,3902,6646,3122,8255,7950,4230,3834,3653,36115,2020-03-01-10-00,2020-03-01-10-21,21
s.ad89f5f6-6aaf-4bc3-a166-d9b223f713b9.txt,18541,"",3071,14199,18231,60112,7409,6152,9001,4800,6421,6050,3853,5562,4308,5373,19432,7964,7596,15056,5677,7256,11660,5263,5374,31998,29365,4964,8405,7127,4340,8364,3510,7285,4168,3013,3018,1844,11984,2020-03-21-13-15,2020-03-21-13-33,18
s.a96fcf6d-1577-4d08-9b86-04e90df5314d.txt,18620,"",3168,22998,14443,16995,4265,3283,4468,3378,2882,3388,2100,6812,3786,3898,2948,3086,4735,3303,2584,3055,2602,2366,3000,3891,2274,2918,1963,2779,3226,6764,2758,3252,4049,1507,3233,3484,27303,2020-03-19-14-44,2020-03-19-14-59,15
s.d05d2de8-f069-4923-bd50-039ed165b44e.txt,27016,"",5782,102067,48878,30139,22145,8727,67198,10310,11288,22982,9097,9151,6052,7524,9973,4501,9648,5597,8008,7814,8247,8334,15311,33038,8700,19625,9142,22654,6885,19060,3742,5011,11710,21944,7248,10882,32049,2020-03-19-21-48,2020-03-19-22-40,52
s.0015ec6c-b387-4531-a812-6d10abbe8e98.txt,62036,"",7828,50126,30287,31053,10520,10698,16809,5546,6261,12388,6629,6905,6350,13705,5158,10294,39920,9157,19727,7947,4407,7524,5387,5642,7521,39794,5103,12028,14073,36431,3528,39571,65049,3139,11698,6575,695925,2020-03-19-18-02,2020-03-19-18-31,29
s.a453b4d7-ab2a-4c79-afb8-7eb53960ec58.txt,17064,"",5724,22061,16128,27983,12100,7181,12054,3373,5318,10529,4327,5053,5527,4265,5513,3701,7394,7405,5887,6320,6052,4368,3964,5730,8164,5386,4682,8518,5116,12803,2917,7664,4622,2721,2754,4891,57701,2020-03-10-18-56,2020-03-10-19-14,18
s.cd3c5c65-6997-4133-a6aa-01950e0c4d13.txt,18617,"",3937,25698,12644,20704,9690,7542,6759,4753,7335,7831,4395,9684,6499,6112,3867,4839,4808,6745,3601,6164,6213,4048,4301,4384,5446,4263,3872,5122,3810,11179,3043,4795,4663,2392,2861,6458,53559,2020-03-09-11-56,2020-03-09-12-13,17
s.dbc57ef1-af2b-4732-86f2-c513721a4939.txt,24464,"",4687,23829,31217,26258,9722,12741,4897,5946,6938,7436,12161,4325,4455,5171,6458,4843,6082,4966,10819,7677,12735,3811,3841,4261,11323,6248,5705,6612,6727,24785,2921,6393,4362,4493,5472,7102,20478,2020-03-01-18-59,2020-03-01-19-18,19
s.e5428923-2b1f-4281-946d-693fced8712d.txt,8069,"",7341,27592,20973,30847,25878,8948,8314,8835,7223,9723,5418,19329,9693,5392,12681,5999,44212,5692,11340,5552,10469,17963,5229,6498,8853,5150,4019,6145,5146,16181,3407,14712,5058,3260,6704,10243,24314,2020-03-06-10-29,2020-03-06-10-53,24
s.b7193ee4-c98a-4911-88eb-4ffe2558d188.txt,8731,"",5535,31512,20975,63734,15061,6282,15390,9909,7037,8866,7158,5530,15379,5240,7569,10503,7803,9971,11823,14373,9038,7111,6041,19025,8824,5655,7322,12071,17083,12536,3746,8160,14051,3690,5979,9967,124882,2020-03-05-16-35,2020-03-05-16-57,22
s.28733233-8ba2-4bc8-bf99-52d757969056.txt,28122,"",4681,52030,26914,44278,14022,10249,16487,7478,7420,24491,4543,7559,7193,7323,56906,22170,9074,9895,8992,12963,27403,14546,9339,16148,7713,5853,6964,15879,43495,45187,6492,6049,57295,5936,10825,9145,256341,2020-03-20-12-06,2020-03-20-12-32,26
s.df4448c8-9132-48bf-8584-c816ed7a12c4.txt,6948,"",13459,53082,25710,20477,6475,5698,3879,5474,3594,18676,3093,4652,4806,4776,5458,5190,4573,3420,2335,5032,5739,7329,2620,3914,4691,3658,2734,4304,4158,23983,2131,3949,2442,9155,117177,1187,81412,2020-03-22-23-13,2020-03-22-23-33,20
s.6690473a-7ce3-45f5-b1b6-6ade80785968.txt,20711,"",12338,37531,36782,25879,15761,18044,7303,9868,14152,13261,10580,6201,13367,10115,7925,10074,9224,22679,9118,7086,15766,5921,12006,7402,14090,7975,4592,6967,8990,10822,4455,11940,12799,14367,5851,6860,75578,2020-03-01-16-13,2020-03-01-16-38,25
s.09c3942e-c172-4789-9587-d01ece5e8298.txt,13572,"",4407,21412,12569,26265,7570,6338,4124,3208,6746,2983,3189,2908,3428,3235,3441,5874,4888,6035,6601,3857,5408,5408,3633,3270,3340,3621,4093,3702,3406,5926,3382,5002,5622,2524,3218,5649,29757,2020-03-19-14-55,2020-03-19-15-11,16
s.0ece48c5-24a4-4565-8ee8-f602630f3cd2.txt,11051,"",5580,68265,58387,27551,9815,5682,17741,6528,31928,17805,9582,9134,7878,3785,23944,4844,9992,7861,29267,6060,10673,15874,20930,4901,21389,10787,4264,34405,5576,7523,4440,8928,4634,3567,20142,9298,94524,2020-03-19-17-20,2020-03-19-17-48,28
s.bec998cf-92d5-4e3d-9f0e-22ced308ec43.txt,184341,"",5924,54065,25886,33064,8943,9897,7620,54235,12408,50285,9393,16274,9008,59941,8426,4728,6352,7597,10382,26594,7217,7351,5128,7487,5943,37891,33415,15666,5400,17451,14977,28047,5407,6810,18709,8509,119751,2020-03-05-17-06,2020-03-05-17-49,43
s.c04e2962-debe-4075-85bc-dbe459935dc3.txt,6250,"",6564,27308,28637,24160,5916,8152,6777,3945,6370,4358,2807,3282,3942,3743,4784,11610,13605,3439,3237,4672,5847,4422,3423,4504,4751,4049,3023,6077,2746,9538,2274,7656,5033,1585,3821,11645,55919,2020-03-03-09-53,2020-03-03-10-14,21
s.7639835e-a95c-4674-9b3b-d4eed9e637a9.txt,13472,"",4115,66906,27992,39145,6912,5767,5391,4746,7510,5990,3377,5435,4355,5047,13838,3270,6821,3660,4299,5346,5236,4421,3717,6192,4467,6424,3367,4927,3968,4634,2847,9172,7601,2746,28710,2842,76178,2020-03-08-15-45,2020-03-08-16-05,20
s.1bc7d8eb-f9c9-46be-abb5-ab678184a445.txt,18224,"",5235,63877,18848,56229,9307,8330,21379,9363,11303,17366,16090,6801,7959,9808,4409,14367,5855,4755,16193,6690,14508,5026,6985,6242,7877,5399,14925,10601,11781,5262,3618,4704,6759,4201,7076,9136,4307991,2020-03-07-13-33,2020-03-07-13-56,23
s.101513f4-6b35-4559-b848-4ecd47719835.txt,39169,"","","","","","","","","","","","","","","","","","","","","","","","","","","","","","","","","","","","","",191039,2020-03-19-15-50,"",""
s.aaaa3f6d-8f8f-4e19-829f-414ef53feda4.txt,19242,"",29362,33832,46692,21868,9738,12609,40221,4242,4335,4863,4273,11866,5918,14028,5825,7026,6194,4182,6980,6067,20769,6462,4114,4454,10393,9054,5749,4508,3712,14206,2424,6497,5508,2431,57775,3849,134107,2020-02-28-22-43,2020-02-28-23-06,23
s.46594e59-dae9-48a9-9c32-3ab45f801472.txt,25052,"",6172,59732,18449,27555,13196,6772,4549,5178,6135,10686,5737,3438,3712,8444,3833,3893,7858,5576,5152,4897,13080,6658,5196,7650,6136,4589,5706,6013,6641,55766,3675,5511,8130,15046,17525,2588,99159,2020-03-05-13-37,2020-03-05-13-59,22
s.46354f5c-6a57-4013-b8c3-05cfd4081d96.txt,19786,"",4668,40675,43003,38039,21481,12023,8360,9316,4687,5255,4551,5517,13693,6886,8522,7246,5406,3551,18883,13375,10857,4418,4884,6933,7945,4082,6897,4810,4771,27285,2578,18015,3542,3727,6137,11441,228492,2020-03-05-15-13,2020-03-05-15-34,21
s.e43bb0fd-9dfa-4393-ae1d-6ac5e4938e9f.txt,30133,"",6160,30321,30385,21199,14433,5100,8947,5897,8581,13670,4607,4076,9782,3791,6003,12411,12588,6510,6602,5635,4756,5180,10476,4081,10450,5563,6034,16227,10236,10303,3467,4153,4473,3223,4539,11534,128793,2020-03-02-09-50,2020-03-02-10-12,22
s.132810dc-09e2-41b6-be56-9c91d87def12.txt,13209,"",5999,37731,38204,27304,14532,6840,24052,4715,4741,5790,6978,5510,11084,16566,4032,4666,10628,9819,11124,8220,6357,4781,17590,8070,11626,4772,3883,18811,4297,7706,3226,7872,4166,1851,21958,4788,66017,2020-03-09-11-57,2020-03-09-12-19,22
s.1ff2d13c-6bcf-4960-b09d-a608cc29a255.txt,5616,"",3602,21055,15747,14663,5798,5031,4862,4559,4306,6372,3449,3131,3337,4018,4716,5512,7721,32749,4630,3785,3553,3414,4022,4455,3957,3842,2808,6543,3373,25920,3539,6415,8867,3556,3868,2344,17727,2020-03-01-15-00,2020-03-01-15-17,17
s.9f77d56d-52f2-4a73-ac88-acb8f1d8fae1.txt,9693,"",8924,34969,33857,17497,8275,8441,3600,5946,4296,6351,5418,4462,5349,7199,3734,5486,4519,4735,5009,6161,8248,3394,4366,6075,5863,11499,3953,5629,4018,6189,2804,4826,5327,4178,7504,5366,71895,2020-03-08-16-17,2020-03-08-16-36,19
s.c8107642-ad2f-4484-8cf9-8f6d9c6ebe3a.txt,9155,"",8756,47629,55491,28261,15556,9345,9743,8419,9351,12937,6475,5656,10228,8972,8180,4569,8145,10114,12845,11059,10605,7727,6334,7960,18036,12673,9142,8142,7309,15973,4650,7093,9276,3822,12762,"",112596,2020-03-09-13-55,"",""
s.ef48008c-d056-4fa6-b8a7-f604e5d5f0d6.txt,7157,"","","","","","","","","","","","","","","","","","","","","","","","","","","","","","","","","","","","","",11179,2020-03-20-18-16,"",""
s.e09126e5-be64-4fbe-940a-a991276c4f7f.txt,37597,"",10703,20701,23855,28188,9584,5240,7650,8155,4133,6670,9862,4766,4421,7805,6745,4839,8504,4249,6398,7171,6145,8627,6614,4494,5313,5922,5721,13097,4862,50070,4243,5989,6700,2874,6020,5654,66344,2020-03-22-20-05,2020-03-22-20-24,19
s.fb4c52e7-7217-41fe-be4f-953b0a1397d3.txt,61578,"",6798,33716,26735,30135,16091,47008,5919,9527,11850,7217,8039,8284,9660,11069,7113,7933,14782,15730,17732,11924,6450,4297,6661,5861,9650,9063,5823,7870,7780,44243,4216,40270,8533,5142,5463,9822,104699,2020-03-20-14-04,2020-03-20-14-29,25
s.25d3b9f0-364d-42e0-8ee1-4c85aaa6f92e.txt,7972,"",4428,23009,22318,46290,9830,14298,16135,5661,4558,11554,4876,12851,9837,5201,4401,4903,16298,6173,5062,5707,6557,3713,4679,4863,6744,6561,9460,9346,8715,8915,5404,9107,6015,5613,4179,9542,14953,2020-02-29-19-56,2020-02-29-20-17,21
s.2c612db5-f9ce-4955-a6a1-efbc7f9c418d.txt,7200,"",4377,38210,30833,20847,10455,9660,5649,6578,4219,13779,5939,5254,12022,4840,5344,4451,8972,4831,3868,8436,6955,3482,6700,4315,12181,5210,3952,6165,4936,4612,2095,3527,3259,1385,5501,7760,62762,2020-03-05-17-56,2020-03-05-18-15,19
s.641b0bed-68e4-41ce-a91f-b4c756f4717b.txt,42184,"",7575,45672,19512,19802,9766,7506,5871,7358,8558,10486,3071,14179,5464,9990,6979,3933,8914,5780,6376,6886,5545,5855,8268,25430,4925,13126,3716,7685,6587,21292,21252,7189,15465,2312,8531,8521,191507,2020-03-10-12-29,2020-03-10-12-52,23
s.688d26d8-c524-49ba-8a9c-7014f0e2c0f4.txt,9421,"",5206,27299,72193,13866,7297,23969,52376,2819,7101,7784,3371,26447,17852,7954,4012,4880,18871,9755,4481,5333,7695,4187,10114,4891,27454,16370,5561,72259,9366,17959,3213,4377,2895,2695,4390,5120,130099,2020-03-19-19-16,2020-03-19-19-41,25
s.988fa8da-3490-4dc3-ba37-e1bf6558c6c6.txt,5756,"",5512,26862,23765,13017,6699,5611,2684,3632,14004,6883,4430,2641,2999,4892,4449,10680,3419,4286,6543,4469,5563,6267,4004,4747,4894,4261,2596,5030,3923,6747,2890,9557,2709,2104,2649,4661,92405,2020-03-01-14-37,2020-03-01-14-53,16
s.79c003e8-64cf-4529-b27d-efc1331f33a4.txt,23706,"",4128,25340,15701,23711,5583,6830,5786,2876,3919,3367,3216,5177,2818,5646,3126,5344,3113,4532,2665,5286,3308,2716,4692,3381,4732,11503,2994,14666,3680,8366,2392,7362,3852,3008,12098,5776,45006,2020-03-08-11-00,2020-03-08-11-18,18
s.02d9c839-c3e6-47d5-9288-e6a075aea9fd.txt,"","","","","","","","","","","","","","","","","","","","","","","","","","","","","","","","","","","","","","",291845,2020-03-22-08-25,"",""
s.e0e23d0e-48e1-4e48-ad25-9e6f7325e287.txt,7268,"",3087,20136,15118,27953,5533,5602,4922,8870,8070,8409,6168,3959,4701,4639,4929,7232,5246,4754,7549,7824,4666,3943,4427,6525,5026,6043,6532,5592,3521,16836,3460,8188,4416,3358,5367,4701,15560,2020-03-08-09-06,2020-03-08-09-28,22
s.46b17661-b597-4094-8f17-33b57e5ae31f.txt,53942,"",4387,17991,35198,27495,14747,4643,3580,6079,7349,10076,2643,3867,4141,4902,3324,4021,154931,4384,4183,6271,5649,3221,4874,4001,7600,3933,3084,4987,5124,10556,2285,6433,3792,1511,23756,9040,11297,2020-02-28-20-38,2020-02-28-21-00,22
s.ef498cd2-9cc9-4f17-9f7c-e2c33d42d78c.txt,28137,"",5695,29780,31774,20407,17883,6702,7284,4191,8813,9689,5664,6301,7416,10476,6133,4218,9744,6720,6428,8445,7630,4950,5409,5674,5979,4807,4482,5160,6162,5810,4129,8230,6711,2846,5501,7624,62487,2020-03-19-14-50,2020-03-19-15-12,22
s.693f4fba-cd86-48b4-b5cd-dea4b44e0c4f.txt,13681,"",2882,16774,12716,84509,9698,4986,8582,11182,8241,14102,55060,20891,9409,12907,14443,10926,37289,12095,18832,11631,20434,14387,16280,21611,12797,75077,25187,9828,15738,29663,4448,21316,11030,4191,3123,2668,16043,2020-03-10-12-21,2020-03-10-12-47,26
s.6b7a29b5-ffbb-4b28-81e2-6061954b960a.txt,10352,"",5439,189018,23293,24964,14028,64089,7181,7248,10769,9120,22541,129681,14361,6996,7926,7462,37912,10545,79261,12017,7698,20408,8391,5537,7717,9259,17160,17288,23799,15584,4780,5878,20008,4345,18650,3083,22112,2020-03-20-23-00,2020-03-20-23-31,31
s.07264673-b11e-4a5f-a6c5-4840793ca160.txt,17121,"",4439,44196,25981,47016,11444,34258,41898,22614,10209,8508,5733,4147,11634,10938,4127,10924,10449,5977,5743,10979,7888,8141,16534,7738,15046,10354,17647,12925,7988,57463,4758,8586,5059,2908,7246,4651,34876,2020-03-19-19-04,2020-03-19-19-29,25
s.321d270e-2035-4193-8322-f041d956a8b7.txt,5702,"",1890,3685,14428,8135,2676,8923,7671,3856,4543,3264,2728,2433,3263,4964,7241,3515,7914,6592,3155,2631,2412,2562,4866,5975,5014,2741,2406,2988,10130,4027,1785,4991,2878,1474,2605,7341,17735,2020-03-08-16-05,2020-03-08-16-19,14
s.7f4f95ec-1022-4344-af94-d446372a8117.txt,"","","","","","","","","","","","","","","","","","","","","","","","","","","","","","","","","","","","","","",149687,2020-03-05-16-26,"",""
s.6f9c5dce-2083-4936-bf50-f1c73fdda29d.txt,13270,"","","","","","","","","","","","","","","","","","","","","","","","","","","","","","","","","","","","","",53547,2020-03-19-19-17,"",""
s.28301e5f-5adc-4396-9565-ecc4b1ff5d81.txt,26816,"","","","","","","","","","","","","","","","","","","","","","","","","","","","","","","","","","","","","",15807,2020-02-29-13-43,"",""
s.a95ef303-b83d-4757-ba9a-6155744af070.txt,15823,"",6488,19007,18724,38691,7988,10041,8108,3528,5291,7106,5688,3530,3996,3938,6201,6279,24419,6622,8533,4491,5585,34160,3984,4983,48245,6385,4006,5212,4572,12169,3964,12598,4178,4047,4651,7834,25610,2020-03-22-21-09,2020-03-22-21-30,21
s.5609ac18-333f-4159-89c8-ab0b0d93bed4.txt,19311,"",13499,28097,21752,18702,7049,9469,5049,6364,4562,7435,4011,3877,3754,5728,4716,4754,4401,5330,4716,5127,6956,3625,3980,4762,5354,7197,4546,4395,3368,11204,3049,6380,7640,6718,5024,7350,66102,2020-03-02-11-07,2020-03-02-11-29,22
s.4676adb1-382e-4c91-8ba2-112c2c18d98f.txt,8639,"",55372,33907,25448,34571,8728,9480,9568,7139,4225,6122,6455,4429,7018,10463,5368,6330,6386,13346,7766,22474,5056,5883,12426,6142,8152,5814,3602,7340,5826,12115,3515,19030,10118,18425,5437,14018,11171,2020-03-10-11-55,2020-03-10-12-18,23
s.121f3634-5d02-4c7f-af89-462319c9a137.txt,9832,"",3373,4794,13367,11641,5704,3918,3023,3404,3046,3253,2656,2853,3503,3198,6107,4208,2977,3822,3774,4302,3147,3086,2821,4321,3105,2525,2325,3775,2674,3866,2782,3661,2244,1639,2213,7054,7567,2020-03-20-13-41,2020-03-20-13-54,13
s.ab7f8d5a-c24e-4463-8e2a-0a1b63528dbb.txt,10749,"",8098,57827,38871,61951,12930,23169,39374,6890,9251,9661,7765,8116,16488,13534,12293,9910,10818,11227,9300,10595,24293,13717,6027,28385,9396,21237,6590,8849,6877,13339,3599,7359,5696,2964,20947,13679,41982,2020-04-08-10-33,2020-04-08-10-59,26
s.cde0ca74-cfb1-484a-adf6-8589195f52b1.txt,20714,"",18352,4680,24765,45586,7509,18410,2816,5528,2761,7167,3257,3429,5521,6722,3541,3502,5500,2949,8324,8670,4004,2807,3684,3486,4996,4904,3312,6613,2918,5239,1998,3812,3241,1419,2111,897,31141,2020-03-20-10-08,2020-03-20-17-22,434
s.be5c772e-30de-43b0-8b9a-81d18db78768.txt,3139333,"",4804,31617,21876,17283,8458,5699,10916,5306,5421,9564,5389,3586,4820,4585,4090,4598,6036,4529,3584,4725,5882,5363,3571,6500,5925,4704,2927,5651,3429,7200,2682,12686,5416,2133,5515,7859,29120,2020-03-01-15-05,2020-03-01-16-20,75
s.f639e985-b769-4566-8475-7593690d8629.txt,19318,"",6247,41393,51361,37587,10141,13441,14054,13451,7466,8847,6712,30189,5533,5845,11818,7405,5875,6660,7318,8430,8527,7909,4996,6600,8966,6119,4293,8594,7918,12434,4520,7880,5468,3497,8897,10172,292836,2020-03-02-15-42,2020-03-02-16-03,21
s.8c78de03-a4d0-466b-9656-183942000737.txt,7260,"",3787,14739,26626,10809,5474,2985,3496,2665,2830,4436,2932,2794,3501,3877,2506,2952,7318,5611,2896,5023,5778,3527,3363,2458,5658,3460,3281,2977,2194,21896,2330,2938,3504,2585,3820,8366,12467,2020-03-19-15-53,2020-03-19-16-13,20
s.76c172eb-189b-4234-933d-2c64c1f7e13a.txt,18092,"",9719,63402,40737,42209,32876,11699,13882,51428,8572,26153,7812,6918,17450,8932,14473,5414,10890,10623,10051,7208,11437,11021,26405,5529,12981,6229,41605,22137,8458,18777,4187,10191,8287,5907,18276,9115,229443,2020-03-06-12-39,2020-03-06-13-06,27
s.f6e6253d-bfa3-4fc8-94b8-34adec37e909.txt,13423,"",4929,23970,21611,15435,6296,8090,5404,3948,5546,10462,11827,6758,8360,6382,6419,4352,8380,5956,4643,9164,4656,6827,8204,5844,5935,4921,6736,5454,6877,12571,3760,5191,4297,4635,4808,"",50937,2020-03-21-19-41,"",""
s.1c805c42-f503-49b3-9dd0-605b0ef1c4df.txt,19391,"",5491,22251,29205,19849,17858,8869,6618,5159,7876,6308,15764,5199,4063,5486,6217,53221,7406,16426,4414,11029,6716,4695,4235,30622,12290,7073,5697,22950,5164,11459,4610,9674,4277,2966,4364,8322,112649,2020-03-19-17-23,2020-03-19-17-49,26
s.fd7cedee-b0cc-4637-b597-98f8fe606204.txt,14510,"",4251,22661,15838,30546,6026,6707,3612,5067,7844,9276,10964,3635,3196,4190,4698,4159,6691,7160,3253,4742,9079,3517,3085,3673,5556,4803,3653,5377,4693,18653,2775,7014,6642,3246,3902,11547,38125,2020-03-19-16-41,2020-03-19-17-00,19
s.3250ec40-a364-4425-a5d4-2610f2f5e8d5.txt,21887,"",5632,24910,13696,18487,5788,6903,5678,3523,6357,5564,4446,4724,4697,3779,5162,5022,4943,3391,5533,4599,4144,3815,13650,9222,4405,5484,4411,4879,6816,25055,2935,4746,4141,3889,4024,4975,159980,2020-03-05-15-10,2020-03-05-15-27,17
s.5736621c-9ada-40c5-ae79-a262d4317697.txt,10077,"",5499,50682,30611,29209,10978,9072,19984,21525,4914,20258,9194,5032,5542,15315,9771,5464,4473,6343,9826,11024,14060,9511,6877,11340,8981,6224,4193,11018,5374,13148,28213,10614,4543,2840,4893,6443,971995,2020-04-08-11-36,2020-04-08-11-57,21
s.0435beb8-9d6d-47b0-b41d-284c1cb916db.txt,10501,"",28343,29329,20120,12324,16140,19246,5500,2576,5583,4470,5005,6624,3061,10149,3638,5034,2951,2928,4780,3735,4005,6909,2567,2721,4142,5095,2792,4164,2934,16500,2666,4723,4131,2515,3022,3382,57708,2020-03-19-15-45,2020-03-19-16-04,19
s.f454470a-1b02-4019-b09b-bac606718f40.txt,20611,"",6029,24287,33757,55752,65308,8999,7718,8504,15059,12515,9126,5634,7274,7390,9114,10653,31708,11322,6248,8519,7646,14850,5559,7470,11755,6338,7762,45216,8507,20388,3761,8885,6506,5484,8491,13373,58179,2020-03-03-21-23,2020-03-03-21-49,26
s.7b94019e-d663-4ee9-89f9-ecdac72106b7.txt,14732,"",14020,38560,23459,42998,9355,9667,16483,10479,45511,46319,6542,11491,6348,5805,4325,6181,44736,8139,4765,7444,6159,6925,26742,9286,15669,6399,5011,9554,7272,17347,3727,11165,5802,3696,5540,2655,105896,2020-03-10-11-25,2020-03-10-11-53,28
s.d3e81836-7705-4ba5-9d3d-4336f9d0f44d.txt,11128,"",3025,18393,16523,17707,5567,4846,8121,4351,5975,4601,3390,3837,4641,3608,3619,3591,13235,4212,4306,4995,5408,3568,2827,3453,4411,3422,3982,5200,4199,5768,2555,9969,4513,2902,3078,4887,17445,2020-02-28-21-19,2020-02-28-21-33,14
s.6538b1fb-e35a-4485-99e9-a39d7a51178e.txt,7926,"",5058,25676,31151,23478,15917,9254,5482,10512,8751,32571,16468,9927,7395,9155,6500,4884,5760,11701,5781,20902,17806,21961,3634,8657,16748,4093,6919,5379,10975,38135,5293,7167,6922,4493,2868,5062,36384,2020-03-05-15-06,2020-03-05-15-27,21
s.b6a37af1-1386-47bf-885a-432c6e47e3e8.txt,29436,"",6022,39422,33017,35494,6443,8455,6201,7651,22768,9416,4598,4548,5773,4926,4226,5289,6947,4429,5869,8163,12181,13845,5036,7120,19406,5768,4953,12417,7903,24256,2650,5672,14023,2630,3477,8456,57301,2020-03-19-20-39,2020-03-19-20-59,20
s.662b35d0-cd59-40a2-bb34-01a54fafd04e.txt,"","","","","","","","","","","","","","","","","","","","","","","","","","","","","","","","","","","","","","",8916,2020-03-16-20-48,"",""
s.c7636f87-7ae2-4eab-adb6-2fc503da79ee.txt,39413,"",7520,23741,21990,20812,14956,6652,6240,9350,21103,6839,3161,3091,3888,6249,2534,5748,8109,3448,3229,4754,3109,4577,4451,8620,7412,8387,2480,5969,3700,8394,3836,6182,6113,4261,6486,5965,165444,2020-03-01-18-53,2020-03-01-19-12,19
s.db6599f8-4195-45b2-9d40-ed188daa01e6.txt,25628,"",33785,35349,22206,29096,10204,7607,6132,4833,7706,21289,6017,5206,6266,6699,7767,10662,8868,8694,4893,14912,6629,6439,48585,10047,4505,4655,9457,6387,6864,6923,3891,8967,3925,3641,11956,7346,76140,2020-03-06-17-24,2020-03-06-17-49,25
s.ebfc00bc-ca04-40fd-9b20-4433f36eb71b.txt,10174,"",4806,25706,21373,26245,8006,5320,7411,5832,5894,6637,8913,5633,5740,10014,6868,5875,9664,4844,3741,7624,7763,7213,4730,6217,6993,3509,5605,6196,8630,17002,2996,10842,4323,3061,3064,3142,37835,2020-03-07-13-00,2020-03-07-13-18,18
s.db5a4e85-014c-4c07-b6a7-40f1fee50f9c.txt,10350,"",6682,51481,22569,23162,8989,11643,15025,7123,12314,11608,5382,8238,7569,9023,19966,9051,11993,14571,21163,6602,15960,8607,6313,9267,11143,4269,4437,18940,14088,14149,4369,6896,6799,3739,12044,8873,103180,2020-03-09-13-55,2020-03-09-14-17,22
s.e501e4dc-9e5f-4d29-bef2-252e48024384.txt,6609,"",4086,34220,34203,24682,8029,9728,3697,3105,6689,4587,3968,2786,3596,3085,2762,2650,3641,6092,6683,3651,6327,7883,5533,4769,4742,5861,2552,4092,4320,6278,3040,7331,18140,2020,14390,5321,38599,2020-03-20-12-45,2020-03-20-13-03,18
s.2f38637e-7d82-4a59-b52a-92dba0359f32.txt,6873,"",6260,40735,19718,31669,13941,7047,5583,7504,7129,7237,8042,6135,4988,7460,6480,4866,7624,3905,4982,7718,7947,4479,3466,5466,8284,5677,5549,5644,5847,11256,2898,9300,3620,2357,6548,7129,175008,2020-03-26-14-28,2020-03-26-14-47,19
s.d90855f2-2429-4f5b-8305-809d625d5c06.txt,6813,"",5159,43214,21263,19463,7451,6896,7045,3672,4565,5220,7383,6250,5527,4769,3894,3162,5097,5501,9317,4363,5059,4257,4049,4867,11640,4096,4141,4648,4422,9070,4264,6367,3989,2588,4547,1358,23865,2020-03-07-11-10,2020-03-07-11-27,17
s.bc421a54-0eb3-4c26-8052-f318ff733821.txt,7197,"",5037,30360,22067,21441,8673,6582,4450,7393,6414,8143,7843,3803,7439,5171,4373,3921,3345,3465,3496,6507,6484,4407,10913,4849,6618,7432,4940,6768,6732,174317,2991,5917,10546,2816,5315,4360,9331,2020-02-28-22-42,2020-02-28-23-01,19
s.76453f8d-ac86-48a1-a982-0029708ca257.txt,22526,"",3069,18918,16230,9017,4125,11055,2689,3272,4149,5379,2718,2528,2969,5570,5665,6617,5155,6145,1746,7591,2092,3993,2936,4058,2612,2192,1940,2099,2579,7649,4848,5696,5429,2935,3630,2032,58003,2020-03-19-14-40,2020-03-19-14-57,17
s.b0b95863-f15b-4547-b8c3-2ff7c0d5a9c6.txt,6522,"",6491,31152,31953,99591,9137,9161,12946,8398,21144,19418,4367,6485,6675,8229,6452,3810,5982,25626,3435,5476,12580,6392,3512,5235,7232,4683,2837,8416,4528,16776,2627,4781,4362,2783,3052,6774,10246,2020-03-02-15-54,2020-03-02-16-28,34
s.faac0eca-ad2a-4561-93ef-cccd3fe28a07.txt,22512,"",7026,36871,26670,35017,34361,9912,5154,8724,7610,9003,11358,11457,7185,10349,7329,5692,10176,5567,8024,5634,13360,12893,5941,6521,15329,6933,5249,6445,7829,26588,3013,7991,3997,2556,6164,11552,173499,2020-03-03-09-40,2020-03-03-10-02,22
s.b933997d-9891-42e7-a87f-3f6b2afe6125.txt,6705,"",5420,26277,41095,20199,12110,5930,4914,7832,3864,8050,3411,7435,4173,5497,4044,2935,4709,2917,5397,6760,3920,3640,4713,3177,6276,5479,10579,6647,5200,8280,3624,5306,4150,2607,6649,7920,139756,2020-03-01-14-47,2020-03-01-15-05,18
s.83482a1b-0eb0-4ac5-86cf-f96653f7bcb1.txt,22032,"",6047,33328,14632,15412,7677,6002,7951,3583,4534,5100,3409,3948,5513,6397,5525,5828,8462,3397,3671,6881,5099,4901,2676,3719,3848,3488,2959,3574,5714,14959,2617,4127,3443,3421,39176,8608,11644,2020-03-20-02-32,2020-03-20-02-51,19
s.cc30a54e-30f6-4645-96fa-469789721051.txt,6796,"",4550,27074,18228,23451,7119,7480,7379,5268,4766,10700,5464,5361,35198,5080,4062,65339,4689,3684,15011,6249,7996,6221,5747,4418,5505,7591,7263,6367,3725,5558,3725,4701,5427,2580,2597,7358,24693,2020-02-28-21-49,2020-02-28-22-08,19
s.08a0594f-6e20-4c07-b661-b5dce4f72289.txt,10783,"",2744,5706,13375,17079,4494,7111,4155,10358,2903,3972,5679,2997,4265,2787,2446,3287,10529,6092,3087,3857,4423,2559,2328,1971,3937,3711,3330,3456,3889,4101,1889,4608,5859,3253,3678,4596,22832,2020-03-01-14-03,2020-03-01-14-17,14
s.2cf20b7e-dd70-4d17-8b10-336bddaf53b7.txt,4970,"","","","","","","","","","","","","","","","","","","","","","","","","","","","","","","","","","","","","",6141,2020-03-20-18-17,"",""
s.91da5315-48dc-4304-a1cc-3b7b0830ec04.txt,32329,"",15456,87069,94245,64604,26862,52460,22166,22739,29470,40299,27203,11718,28674,6879,18725,13881,14650,7113,14622,49260,38098,15254,45155,31561,20456,29391,27013,26993,39277,31642,11731,27203,539179,365034,24566,9326,345135,2020-03-05-14-51,2020-03-05-15-44,53
s.1aa39a67-8c13-4dbe-8e74-2d1506f929dd.txt,9358,"",7908,51788,37765,20432,6305,14375,9647,4076,4744,5194,3959,7515,7790,4424,5616,4464,5607,14495,8451,8327,223665,4019,5051,4197,4935,5404,4237,21221,4335,43587,5177,8628,6143,3439,15424,5205,69913,2020-03-19-14-48,2020-03-19-15-14,26
s.72ddab10-7be7-43cf-92da-3bcd96907315.txt,31709,"",3706,39483,73876,26365,7834,8456,29161,10632,6889,8742,4995,4629,7712,6002,44353,14167,9181,3749,10003,7044,7589,6434,47423,9069,12492,3640,5302,7618,6037,7548,2819,7089,5512,1479,18207,4339,104626,2020-03-20-01-33,2020-03-20-01-55,22
s.190553e7-3639-4332-a9f4-48c83f70a8de.txt,16947,"",4612,28965,32067,22845,8421,8307,5773,7298,5903,6780,5158,16785,7189,4376,5990,5068,6256,3820,6951,4856,5460,9766,8750,6296,6184,6455,3434,5651,6011,49142,3533,3418,3581,3426,6624,8223,36684,2020-03-20-10-09,2020-03-20-10-47,38
s.64dd64f7-fdd2-4564-8a6e-aa92d79c0892.txt,7061,"",6122,37797,30784,24481,8865,13497,9762,5894,7195,6981,4462,8469,7023,10133,4975,6404,7209,5415,5280,11762,5876,10718,5685,9497,6438,4980,4889,6294,5427,13093,5774,7047,8839,2929,4781,5318,4502663,2020-03-19-17-16,2020-03-19-17-33,17
s.8ad4dfe1-5a3c-455f-a97c-8e619492a01f.txt,22893,"",6994,60799,27689,32563,13997,7787,5913,8037,11838,6964,7371,6214,9009,5776,5168,4653,6286,12110,6893,9395,5916,4455,4211,6501,12128,5592,6748,8669,5530,21383,4201,4686,5600,6511,9497,8494,505585,2020-03-19-18-27,2020-03-19-18-51,24
s.c037d46b-c3d6-47df-a4d1-4d03d0a5329d.txt,13977,"",6791,24551,17431,31136,10743,21197,5772,7290,6274,15764,8658,5672,7705,10959,8148,4361,6469,11688,5256,5799,8421,10206,8499,6148,4924,4744,4241,9527,4127,8918,3636,7463,11689,3070,44926,5614,92657,2020-02-28-21-01,2020-02-28-21-21,20
s.12248a1c-5cf8-4cb4-8fe0-7914be198893.txt,25002,"",3072,39407,42487,18854,9480,11067,6178,8599,6755,17503,8622,7174,3603,4599,6211,4998,7699,4153,4254,5935,5240,4958,5415,5980,7297,7543,9806,7958,6933,9935,2301,7362,4652,2881,6363,1463,12788,2020-03-09-08-00,2020-03-09-08-18,18
s.fc5ca8e2-0902-4fc2-82e4-e3e3964a3c7f.txt,5442,"",3966,30674,24065,17875,199080,5595,4579,3120,5399,7687,5468,3235,4387,4961,4774,66047,61734,21177,4171,6229,6922,4356,2930,10506,9073,3441,7098,5053,2944,5396,2418,5681,4940,3097,2732,4640,16845,2020-03-19-14-54,2020-03-19-15-20,26
s.d04ff7ea-e4d2-4c86-9ce5-95888d637b43.txt,43997,"",4280,23008,17564,14376,5011,4715,5679,3645,5581,5011,68035,2710,4568,2044,3999,5319,4347,3594,4601,4455,2955,2136,4128,4257,4054,2633,2407,3478,2468,5459,2067,4858,3088,2623,4798,4476,16097,2020-03-16-19-52,2020-03-16-20-10,18
s.47d8e089-7295-48a4-89b5-bcd96d5b99ea.txt,13854,"",5975,56242,29887,25043,13477,6744,6348,7746,16654,9036,5262,5427,7381,8913,9069,6485,10860,8728,5254,4616,15655,3560,4152,6853,5886,5449,4553,5352,5559,16574,3949,7074,4475,4723,6588,3992,151212,2020-03-05-14-44,2020-03-05-15-04,20
s.6040a9c6-8003-4ce6-af35-928a9fd3e7c6.txt,4919,"",4294,2824,3243,4095,1332,1546,888,913,1067,863,785,1182,3407,886,1316,857,849,2003,933,1166,819,755,1441,1352,970,1032,1508,1681,743,4496,1618,2852,1427,1827,4013,3412,20928,2020-02-28-10-56,2020-02-28-11-12,16
s.d95e4d20-0649-4ab5-a4c7-34f3194154bd.txt,10403,"",7003,28138,25096,28745,10870,6295,6876,12175,7471,11851,4921,5600,5045,6701,4023,5068,5399,4877,6938,6759,7027,4256,4571,4916,5999,4970,6866,5532,5259,40222,4049,5675,5467,2956,5536,7364,114488,2020-02-29-09-24,2020-02-29-09-43,19
s.f9110919-0ef9-4bd1-b2a2-033effd61718.txt,33321,"",6573,63708,40950,26010,12250,9294,13291,12186,5682,7181,8106,6830,6224,8980,9137,5411,11169,5357,4351,8727,18596,4946,6084,13865,27986,6881,12919,9924,4504,10385,5182,7101,13675,35833,6347,9128,204205,2020-03-20-17-00,2020-03-20-17-24,24
s.f93566cb-f4ae-4adf-933c-8854495e817e.txt,8331,"",10905,19630,28084,54193,6514,6373,11322,4843,5814,8127,4298,5929,4135,5528,4261,4534,7804,6108,5301,6558,11634,5137,4212,10268,4842,6013,4152,5327,5261,16352,4112,6141,5347,3200,4396,5138,51355,2020-03-06-09-41,2020-03-06-10-01,20
s.0077a838-afd1-4f54-bb24-2371d6067569.txt,19033,"",5978,26950,16389,20681,4325,3887,6513,4972,4799,3747,5853,4128,3905,4393,2465,2551,2871,3632,3499,5817,4663,3960,2223,2993,3866,3287,5301,3498,6001,13399,2573,6380,3889,2203,7601,4480,153007,2020-03-05-16-07,2020-03-05-16-23,16
s.851cd51d-0ade-4bb0-a600-3c037c7cae56.txt,20294,"",5455,26628,18929,20305,6436,15959,4630,6040,5606,6104,6769,7940,5957,4784,4526,6721,6231,4977,4924,5719,4653,4675,4807,6714,6356,7606,8406,6343,9084,28773,4110,9759,9473,3484,39032,20860,13889,2020-03-21-20-42,2020-03-21-21-06,24
s.4f69cea0-7da5-41a1-ad89-4dab76128177.txt,10760,"",6114,53152,22230,42003,24254,8305,10859,6197,7782,8082,5346,7708,6304,4906,6286,6214,10305,11604,8157,7505,8829,11812,4096,9538,6196,5140,5910,10020,29822,21366,2497,7645,7799,2282,19559,9540,75192,2020-03-22-21-44,2020-03-22-22-09,25
s.4775f84a-80aa-43f2-a8aa-a43fc7bf3abc.txt,6587,"","","","","","","","","","","","","","","","","","","","","","","","","","","","","","","","","","","","","",48955,2020-04-08-00-06,"",""
s.42a9ee52-a14b-4362-8a45-5977d97e3406.txt,"","","","","","","","","","","","","","","","","","","","","","","","","","","","","","","","","","","","","","",716441,2020-03-19-21-47,"",""
s.cbe70097-40a1-4b8d-ae6d-0ac742cdfec3.txt,18595,"",7735,32462,19743,23734,8217,6724,4946,3425,4802,4423,2847,3485,4533,7496,3539,4117,5295,3398,6006,6395,4957,3744,3700,5895,4625,4902,3140,5342,3309,6067,2381,4488,3479,3635,3874,5262,80420,2020-03-10-16-11,2020-03-10-16-27,16
s.32ebbe15-0ab5-4cfa-bd66-c5555070c752.txt,7230,"",6964,45597,24900,5616,9683,2681,32532,4139,7758,3145,3673,8356,8188,4142,15341,21113,8825,2362,2606,3749,23159,12350,2746,6701,7119,5915,4844,2475,6423,27370,3012,7459,6246,2503,5745,10401,87954,2020-03-21-11-35,2020-03-21-11-55,20
s.96fc5165-442d-492c-8d0a-a85906810cb4.txt,3255,"",3136,1192,3984,2014,1349,2543,1331,1121,1132,1332,1283,1453,1524,2003,1634,1489,1775,1491,1078,3346,1902,1048,1242,1866,8330,1096,1409,1094,1446,1360,1662,3996,1726,1309,2628,7063,4355,2020-03-21-18-58,2020-03-21-19-06,8
s.9659e257-3cea-40a9-8408-d7ca1060b8c5.txt,11253,"",6881,22047,29070,48461,15848,17955,17312,6734,19731,6279,7029,6904,4870,8271,12532,4918,9666,5527,5088,13377,23281,18633,7460,10350,9142,6706,5526,8838,5319,14866,4356,13082,7114,3375,5155,11249,64867,2020-02-29-20-21,2020-02-29-20-44,23
s.d73978d7-c872-4a9b-a8ac-11ac47a23a40.txt,48968,"",4478,20917,39976,13484,8047,8769,5267,7670,4786,6119,5113,10437,6973,10404,6044,4733,30495,8756,10588,4690,7452,6553,4152,5182,5021,4651,4199,8150,5445,23975,4912,5609,5405,3571,10410,5870,75002,2020-03-05-17-23,2020-03-05-17-48,25
s.ae903b2f-2fdd-47fd-b7e6-e1e355a35f55.txt,13614,"",5666,26519,25821,29492,8462,6071,8475,5250,9873,4803,5667,5838,6389,4564,6772,4372,5140,6504,4087,5580,6445,8974,6158,10495,6358,4230,3884,4082,7353,29733,2616,9411,6017,3595,3683,8326,48206,2020-03-22-08-52,2020-03-22-09-12,20
s.f6147e38-def1-4823-bc90-e036387d803f.txt,29435,"",8376,32106,27895,34654,19594,12382,6722,7678,6376,10457,9121,7388,14343,18247,15298,20050,6072,6490,7117,7495,8660,5757,4735,8414,6788,8471,6853,7687,5372,22898,2804,7604,7022,2886,5786,14180,55629,2020-03-19-10-15,2020-03-19-10-38,23
s.5d82b415-08d7-4c6e-8917-72f6a79c35e6.txt,18029,"",6855,48192,38157,47007,10400,12813,18877,10624,5563,6991,4518,4935,4975,6597,5469,5738,5582,6049,9167,12597,8920,9361,5488,6928,7362,7754,10196,10632,5212,46768,4359,6742,5712,3635,9557,9306,151786,2020-03-21-11-13,2020-03-21-11-38,25
s.8726016a-4fe2-4272-bec5-0abfe73e81a1.txt,12693,"",5893,43937,24303,33825,8891,6225,5471,4964,7518,4334,14113,3924,4217,4193,13613,3760,4811,4346,4918,8275,6636,4319,5298,5930,5264,4916,5991,7277,4034,15495,3581,4789,7040,2610,5707,7887,45019,2020-04-08-09-28,2020-04-08-09-47,19
s.a09b098f-61f5-451f-b746-ef00ee0b5f9e.txt,8168,"",5410,41076,19322,24598,6696,5794,7182,9224,7015,16430,3627,8932,4232,6066,14003,3059,4755,5022,4384,5895,4580,5284,5958,4690,5320,3640,3507,7104,7787,17314,2861,6171,3783,2243,5649,7451,29435,2020-03-02-09-04,2020-03-02-09-23,19
s.20a4f19a-b5e4-4602-8c3e-8055f06f6ad7.txt,22110,"",4544,24580,20494,39858,7980,5769,4780,7145,4702,4420,2546,5788,3813,3403,4550,2476,6511,3900,5108,6284,4651,9095,3887,5310,3713,6868,4358,4887,9260,5938,3262,5846,3734,1907,23120,4182,38261,2020-03-20-11-17,2020-03-20-11-35,18
s.587fac3e-a819-4cbf-8b62-1acff0f6a4bb.txt,15942,"",4284,32563,14873,16187,6733,10474,4314,7804,3729,4557,10130,3518,4785,5541,14409,4534,5960,10596,5112,4646,4903,4275,4175,4338,5290,4167,2879,4526,5612,5782,3706,8334,2566,3902,5701,3872,121576,2020-03-01-12-12,2020-03-01-12-29,17
s.d2ba26f5-55fd-4c38-add1-8b1dfaaa04b8.txt,7969,"",3350,17319,9672,9871,4021,5170,4691,3540,3744,3213,7113,7720,5268,3709,8274,7340,6866,5897,5762,4239,6475,3991,4938,3241,4917,4515,3021,5938,6717,15541,2707,5057,3712,3810,2943,4769,3258754,2020-03-06-21-10,2020-03-06-21-26,16
s.48ba756c-6b4c-4c59-ba8b-1bf17e1b7417.txt,6847,"",3345,16055,4588,13939,5419,2358,2981,1528,2608,2671,2340,2378,3338,2173,2045,2761,2419,3827,3675,3483,2462,1676,2264,6384,3205,2255,2224,2697,2004,4005,1891,4404,2063,5959,3356,3661,12863,2020-03-03-21-11,2020-03-03-21-25,14
s.7883995e-e602-4a2e-ad6d-8d512dec05f9.txt,5368,"","","","","","","","","","","","","","","","","","","","","","","","","","","","","","","","","","","","","",12765,2020-03-25-15-22,"",""
s.88b331c8-a7cb-4d38-af19-099dcf542a5e.txt,21740,"",4787,69312,20508,44481,26729,12409,4751,5816,19966,5494,28094,5359,6947,3017,13585,5100,46293,4432,7975,16457,7748,5979,3050,6388,9905,4516,11595,17579,35629,46753,3189,6681,99746,9070,7479,9216,242653,2020-03-05-16-59,2020-03-05-17-27,28
s.b01730d5-afee-46c8-b48e-6965edd792f8.txt,39865,"",7933,55827,42907,31527,11049,23836,9322,6478,13104,8373,8949,7329,13736,7875,5842,7033,9891,9619,17566,8522,9541,8345,12564,18032,7392,7622,7938,7031,8512,33608,4749,7460,8159,4783,11845,3971,9940,2020-03-10-08-26,2020-03-10-08-51,25
s.f2f284e9-1aa2-4770-bb24-d0f04ff38623.txt,18281,"",3959,40965,19307,16392,7201,4170,9579,4833,4307,10876,4084,7078,15754,4585,4859,3755,7196,6586,5758,7964,6442,5924,7145,6854,4412,6608,5322,5052,12354,6667,3363,5408,4861,3010,6722,7326,87737,2020-02-29-10-42,2020-02-29-11-04,22
s.08f7c274-e1c0-4ac1-9750-990ab8df5e10.txt,7005,"",3252,33367,46168,22389,13531,15108,6736,6187,7013,6952,6476,4512,5422,4341,6010,4317,5187,7042,6244,7045,7636,5365,5772,7126,4557,4811,5836,7326,5160,8517,2518,7650,6103,3954,5609,2167,31769,2020-03-16-20-14,2020-03-16-20-34,20
s.1d244ac9-7e46-4354-9e52-3f3c22faabd3.txt,9639,"",4365,37177,15923,24780,11028,5273,7790,6596,8873,29722,4123,4870,6155,6941,5724,4244,6057,7310,5052,5851,5040,5157,4453,4941,4813,5484,7819,5482,4798,9240,21687,4222,5508,3011,3274,3244,61201,2020-03-01-22-31,2020-03-01-22-49,18
s.7b33c2da-528e-4e91-9cb7-27757e5a9ac9.txt,9582,"",6142,16801,22881,10329,11536,12360,15157,7370,19192,5678,5530,4216,2884,4950,39703,5296,5272,4087,8045,5885,4974,3420,2906,7329,6978,1548,6838,7068,11079,5561,2945,12203,8041,2196,30025,1378,7957,2020-03-21-22-43,2020-03-21-23-02,19
s.08e2fdcf-7276-4204-86ba-2ccbb1c7b666.txt,7668,"",7642,32137,22219,21257,6426,8576,12725,8377,9958,12767,5632,6282,9445,7749,5667,6783,8153,7911,6619,5463,9760,5077,4042,6267,12777,6314,6704,7643,5813,12718,3452,5754,8787,4280,4605,5322,130204,2020-02-28-21-07,2020-02-28-21-27,20
s.a281e419-6021-4ed8-9de6-4fbccd5d19ac.txt,25811,"",5060,28235,15885,22495,28280,3860,5037,7115,3877,6323,4143,4091,6485,3862,4132,4981,4326,4995,5315,4595,4189,4248,5544,4060,18102,4320,2969,6169,4432,4618,3120,3774,4030,1931,8518,4230,2398503,2020-03-21-11-28,2020-03-21-11-49,21
s.0f05dfb5-8a3d-4e77-b97e-5c78a52f2053.txt,25832,"",6225,48651,38155,17760,6558,17858,7290,7911,8698,14213,4382,5001,15630,6397,3866,8161,10856,5095,5321,5276,6156,10780,3915,33218,8242,5654,14657,6398,14631,5762,3981,12338,6351,3381,10213,7382,369213,2020-03-08-21-07,2020-03-08-21-29,22
s.15605136-e2bf-4f8d-b13e-740326f43726.txt,6655,"",4947,20732,26577,63488,4968,3987,3822,7048,4358,4761,5182,6768,4940,5130,3951,9351,5328,6591,4171,3103,16160,6234,2901,8111,9114,4406,4602,5568,4595,15906,6187,8194,3562,3559,3446,6150,28534,2020-04-08-12-01,2020-04-08-12-20,19
s.b07fdda3-2d47-4ac6-b7bb-26d092db8bb5.txt,5702,"",5579,64289,20527,18258,"",9300,7560,5962,11849,10609,5784,8398,45616,5627,6835,6597,18689,48018,4886,"",6253,8078,4356,13701,12795,10576,9977,12697,10207,"","","","","","","",35503,2020-03-10-13-14,"",""
s.94c94d1d-ba2b-466a-8db8-3ae5da821b1f.txt,22660,"",4808,26210,28355,18496,7708,8685,5573,9148,7089,6008,6028,5939,5770,5028,3879,4077,8567,6183,14738,7342,7660,10901,5040,5134,4692,4438,8228,4490,3644,9240,3962,9544,6387,4472,8995,6652,97428,2020-03-08-17-14,2020-03-08-17-34,20
s.ed85a2cc-f784-4174-aff2-f42faeac57fe.txt,23854,"",4298,20873,16135,17245,7944,6669,6468,2591,6156,4456,2767,3515,5419,3268,3038,3416,5222,2801,3495,7528,4318,2913,3603,3051,3478,3424,2526,5515,4676,12921,3303,4257,2370,1379,44645,5430,105691,2020-02-28-20-45,2020-02-28-21-01,16
s.aff1077e-1e9c-4dde-ae9d-e1570bdd66d5.txt,4739,"",3680,7383,83719,27822,4635,6445,5867,25341,23936,56887,3562,40753,4331,4258,3568,3306,108331,6621,23843,5897,6850,6717,14029,6380,5987,3845,3136,6647,2304,16509,2626,6325,3504,3180,4820,3207,32722,2020-03-03-09-47,2020-03-03-10-20,33
s.d43ea76a-e5d5-4880-b0a7-44d3bf2f90f1.txt,"","","","","","","","","","","","","","","","","","","","","","","","","","","","","","","","","","","","","","",57226,2020-03-02-21-18,"",""
s.a087b696-f2a3-4b61-a1af-90fdb9e6be3d.txt,47252,"",6805,31108,30319,23072,9922,13278,7045,10451,5168,11965,3902,7381,4296,5039,4385,27491,3834,6454,4662,7708,4463,4942,5145,6052,7448,7077,93713,19017,3995,18547,3570,4886,5470,4732,5371,5998,421353,2020-03-19-18-57,2020-03-20-08-28,811
s.c78735e2-7011-4b3b-a52c-3dc0082ac157.txt,8014,"","","","","","","","","","","","","","","","","","","","","","","","","","","","","","","","","","","","","",45986,2020-03-05-20-42,"",""
s.26a6d4a9-e75b-4a78-8f7e-69d738294cb3.txt,"","","","","","","","","","","","","","","","","","","","","","","","","","","","","","","","","","","","","","",21018,2020-03-19-15-24,"",""
s.df6a6bb2-e9f4-4fd1-946c-6159a629aab5.txt,"","","","","","","","","","","","","","","","","","","","","","","","","","","","","","","","","","","","","","",34924,2020-03-01-18-41,"",""
s.ee17bdbd-8db8-4e42-a616-380d8f1a5538.txt,37877,"",7546,36973,29131,27444,10583,8849,11006,6431,5049,7761,4904,6940,15190,6647,5452,9999,6528,7090,5014,21282,11151,7206,6811,8119,6806,4434,3464,6566,5318,10004,4891,9890,11117,2773,9538,5930,1373736,2020-03-19-14-58,2020-03-19-15-19,21
s.5c250bb5-4c57-4f0a-ad15-b46197b5e858.txt,8515,"",5092,26686,17344,30052,9538,5460,3829,5922,7226,5472,5073,4565,7094,4438,5347,4007,5065,4857,5296,6441,10228,5169,4941,4009,4892,5580,4718,4621,3397,8163,3318,4001,4106,3176,4555,7683,17396,2020-03-09-17-24,2020-03-09-17-46,22
s.32304b11-3b94-4da0-89aa-f9df0909d151.txt,13676,"",4725,30136,21804,15113,6168,5224,2737,3177,8293,4712,4820,3874,2930,3054,3928,3918,4278,4355,3413,3692,3779,3401,2409,4949,4615,5477,3282,9136,3545,5538,3625,6389,4198,5237,3243,7454,23164,2020-02-28-22-42,2020-02-28-22-59,17
s.7c75421c-ac9a-4c13-a22a-849095766570.txt,9093,"",4985,10531,18835,18024,6774,10303,3441,11255,5409,5705,3209,3498,4219,5298,2935,3140,6663,5735,3176,5715,5707,3058,4713,4904,7958,3973,3018,5508,3648,7981,2926,4569,5888,2513,3212,7061,24810,2020-03-19-20-13,2020-03-19-22-10,117
s.cf4196e4-4a8d-4ea5-abc6-3c85a8cb2f79.txt,7458,"",4594,20985,14859,19314,12872,4950,4763,5649,10641,35195,3870,5916,8519,6160,3938,11643,6451,4689,6212,4987,7235,6620,7261,5111,6558,4364,5092,7599,14424,14512,2828,3195,4479,3685,2736,4187,27854,2020-03-05-15-16,2020-03-05-15-42,26
s.dd510bbe-fac7-4959-887d-5baaad787ebd.txt,4834,"",5526,26123,18837,16978,9532,7937,10088,5731,6326,8382,8376,9415,8370,15859,7531,7257,8742,4366,6200,6661,9371,4227,5408,4298,5873,6401,5519,7331,7955,25004,3528,6815,8404,2936,4712,6859,16197,2020-03-01-08-36,2020-03-01-08-55,19
s.e736640e-245d-4745-8c13-3bd1aca1f5f4.txt,21162,"",6684,14416,27194,14210,6302,7693,7597,4614,4107,7450,5009,2815,6195,6543,4340,3133,6314,4789,7470,7350,4144,4573,4041,4360,3944,5392,5437,7951,5455,4774,2892,3689,3741,3546,4758,5267,37291,2020-03-20-19-22,2020-03-20-19-38,16
s.28b2cda0-7e10-4c8b-8245-a1673c8c16c0.txt,17762,"",6849,43098,32932,25062,19736,12882,5583,8331,7274,9618,4801,4707,6404,3987,12390,5163,5705,4291,12565,5099,13407,4143,5474,9421,6225,7112,3933,7653,16680,6297,3705,14997,6002,7416,5069,5531,51140,2020-03-21-07-50,2020-03-21-08-12,22
s.ed28be50-8fbd-4df2-ba6a-84954103ee2c.txt,15905,"",7109,61975,33598,33239,18705,10347,6117,5095,9726,6048,15005,8122,3591,9018,4260,8514,15980,4872,10197,15594,11182,13093,9564,7340,12449,5869,8343,10099,13803,23456,6842,6239,7440,6433,38731,9960,50230,2020-03-03-14-00,2020-03-03-14-23,23
s.9356a542-09f2-4e72-a6f2-0510f3b6118f.txt,26357,"",7066,29916,21878,30532,14009,12445,11236,7283,7617,7162,59488,6904,14226,6806,15666,5796,4907,5736,7708,6391,10460,7403,6990,5373,6390,6138,5457,9425,5342,8397,3253,5887,6700,4799,21216,5192,73864,2020-03-05-23-01,2020-03-05-23-24,23
s.b8ba5e03-2d58-490b-9aee-7694e531e717.txt,16587,"",4821,25897,17795,46459,9495,13433,15923,7349,4447,6140,7221,6319,6901,5633,5589,12578,11351,4004,19530,8802,13434,8958,6383,3829,7043,9492,18287,9741,7723,17949,8625,7162,6004,2900,4964,6472,118026,2020-03-05-13-43,2020-03-05-14-02,19
s.b1b0aaa4-1ef2-4330-adfe-eac5ffc954d8.txt,7561,"",5450,32354,17074,25167,7045,9769,7942,7160,5157,8877,12453,8211,6591,17159,7969,17833,19032,11244,6893,4739,6321,6174,4766,4892,9177,4915,12026,10047,7688,9896,3734,5484,5335,3289,4253,5026,12003,2020-03-08-22-08,2020-03-08-22-29,21
s.de1b448a-bcc6-49ce-b7e7-e45103e0c913.txt,30339,"",5812,31623,28821,19857,7754,6530,7540,7662,11082,9906,7457,5500,6625,4704,4278,4880,7102,4842,4563,8224,6646,5337,3645,4878,8221,3725,10440,5311,8164,10521,4935,6456,3909,2426,5785,8841,11437,2020-03-22-08-26,2020-03-22-08-45,19
s.527088c5-56a2-4d2b-8b9e-f8a1e3e8fbdb.txt,25256,"",5891,25633,21988,27493,14278,7705,9054,5321,27194,5925,4121,7528,3485,5381,6125,4887,7055,5148,4522,5248,6640,6586,4447,6101,8154,6466,4056,7784,5897,42479,3633,5251,8458,5125,4988,16849,286242,2020-03-05-15-12,2020-03-05-15-34,22
s.5f14bfe6-25e9-483d-8c62-52f233d76643.txt,"","","","","","","","","","","","","","","","","","","","","","","","","","","","","","","","","","","","","","",51927,2020-03-29-19-45,"",""
s.393c855c-10cf-4e26-8012-c15cd68907cb.txt,5995,"",5171,32571,26321,25359,8433,14724,5802,8387,8541,12731,5612,5251,7219,9983,8840,7825,6013,20215,7066,10885,6856,3570,5254,6665,7845,5479,12861,6386,5506,6327,3555,7377,4552,2766,4562,8914,37609,2020-03-22-15-24,2020-03-22-15-44,20
s.dc7e550e-b066-46a4-9a84-812a8084e042.txt,27400,"",6571,44693,36178,30372,11193,6181,23134,19949,5466,5942,7296,5636,5350,5087,9947,7442,6304,6746,9627,8557,7047,4414,6676,7611,20733,7838,4216,7775,4520,7144,3365,5559,5024,3555,18545,7073,122270,2020-02-28-20-51,2020-02-28-21-14,23
s.1ddecee5-6a2c-45c1-8888-5c8566c83ba9.txt,29290,"",7798,19065,16104,19118,8752,7203,10054,3231,3513,5529,7194,5408,3066,4275,2654,3614,2703,3161,4361,3257,7135,4376,2239,7282,9129,8795,3087,5163,4598,5828,2538,5435,3907,1532,12087,9664,84796,2020-03-07-13-26,2020-03-07-13-44,18
s.aeb2339e-bf5b-41a1-8922-5e9a58f4fd94.txt,19429,"",8256,33486,45670,25036,16290,6683,13825,8872,5215,25495,5842,5253,7098,4804,15831,9249,8410,8569,10143,15564,21969,8520,5229,17604,12864,7535,11247,7056,37298,12927,3414,6379,15615,35237,4765,1672,207742,2020-03-08-10-48,2020-03-08-11-12,24
s.3404d7a3-eaec-4a02-bfc1-efdefb39ed65.txt,25635,"",4388,35328,18121,17812,7258,8643,4915,4945,6963,5247,7754,4656,4760,8787,4512,5739,6322,6831,6860,5089,9099,11823,10223,4816,6386,5391,3642,4796,3669,6901,2932,6288,3825,4821,4408,4009,43188,2020-03-05-17-52,2020-03-05-18-11,19
s.eb1398bc-da83-4855-9257-0c92852492eb.txt,11394,"",5500,27242,28047,17550,9174,7952,6860,6848,5106,7179,4068,4425,9827,4612,3515,4921,9990,7436,4661,7529,5291,4155,3946,9962,9477,8520,4286,4899,5824,11555,3995,6664,6631,4023,9508,4245,28800,2020-03-04-09-55,2020-03-04-10-14,19
s.7ae82e66-64ac-4c7b-a103-f653c77d88cd.txt,9052,"",6531,29114,21013,22713,6594,5947,6717,4427,16894,9215,4588,4844,7054,4677,4165,4739,7627,5012,5688,4590,6490,6322,5042,5852,7025,5502,4005,7257,9726,9648,3909,15407,5497,3359,4516,4950,72651,2020-02-28-22-08,2020-02-28-22-26,18
s.fb49450b-362e-40cc-a24b-79711dfb8286.txt,27731,"",8645,32086,30991,30260,41012,13927,8825,9623,5985,11338,8611,9832,11869,7814,6961,6015,7723,8180,5347,8223,7573,5850,5887,5448,8444,7080,8327,7071,11201,9935,5739,7084,5713,3377,7304,8897,229467,2020-03-19-16-18,2020-03-19-16-39,21
s.3eddab8f-515c-41dd-bccf-879a3fbc6d8c.txt,29184,"",9600,52672,33891,26895,12004,23654,6488,6727,14834,6908,4080,6193,6563,21634,5497,3964,7474,4757,6861,5961,14463,20974,3482,6828,8125,5730,6161,6535,7697,9225,6394,7320,6498,3377,8788,13499,195662,2020-03-22-21-58,2020-03-22-22-23,25
s.1b40e86e-73bb-43a4-882d-691e06a088a2.txt,16387,"",3952,46551,23568,27410,9239,4994,7348,6160,8191,12667,3285,5805,7624,7852,5418,5037,5272,7603,3615,6149,5851,9715,9825,6781,5112,5933,5700,9956,6474,20485,4017,5950,8095,3287,21463,7181,74042,2020-03-10-22-22,2020-03-10-22-43,21
s.2afef333-0a88-412f-bcaf-44c219460abd.txt,7630,"",2213,9692,10461,11796,8775,8586,4284,5596,7502,9053,4104,4414,3326,6661,7394,7507,5112,19166,8091,6342,8587,4015,6882,4020,20354,5999,3991,4542,8171,12496,6582,10521,6091,3489,6089,8193,3181,2020-03-10-13-51,2020-03-10-14-08,17
s.cf966421-6ee0-4243-b4c3-3fc18fb100c1.txt,8905,"",5884,9119,20168,14443,7655,7582,5728,3682,4460,7612,5460,3508,5872,3745,4611,3766,4655,5168,4146,4681,4584,3564,4342,6536,4588,11803,4326,5152,5227,20554,2785,6632,9542,2732,2049,2026,18930,2020-03-07-09-37,2020-03-07-09-54,17
s.6c4741cf-83e9-4941-b959-728d059f8a37.txt,5095,"",4703,19481,18903,13168,5524,9861,5894,4501,5550,6353,4994,5049,6875,5340,5194,4601,3604,3632,5465,6043,5899,4726,2963,6358,4286,3772,4087,12644,3089,6714,2575,4066,5146,3497,3335,4805,15191,2020-03-20-12-40,2020-03-20-12-57,17
s.df8992bf-4c7e-4b2c-aa35-9c7b4ea70569.txt,34031,"",4717,43234,29525,38753,10951,13121,5067,5475,9325,8081,10901,6531,9047,7622,5629,18477,6472,24198,6658,6459,7857,20400,9348,15719,7320,6116,5092,8838,6044,97338,4255,6864,8824,4339,28917,10894,83533,2020-03-20-12-09,2020-03-20-12-35,26
s.e2dafc6e-f634-4f2c-8dcd-a2e1cd406715.txt,16453,"",4137,20533,19664,18521,8899,8069,4821,5995,4497,6701,4010,9983,7432,5013,3925,4096,4096,6156,10443,5235,7042,4435,4444,4437,7811,3971,4017,5374,4460,15750,3255,6364,5169,2583,3224,4285,1918266,2020-03-21-12-51,2020-03-21-13-09,18
s.3275f862-ce56-4438-b1a7-b82b11190cff.txt,16489,"",6497,25176,26942,21409,8484,10921,7256,8756,5981,7405,14841,14961,5019,5034,7487,7633,8859,5385,18332,6854,9625,5485,11953,5793,25225,9953,4593,14760,11454,6358,4166,6213,7507,3703,4203,6372,40796,2020-03-19-15-25,2020-03-19-15-45,20
s.af9d273f-d2ae-4641-8e8c-0543b2c84729.txt,23486,"",4826,29462,35643,30184,12384,6219,8132,4570,5630,7295,5028,6740,9280,8380,3872,4586,10798,16767,5618,6656,5933,6487,5702,5324,10825,5441,5110,5609,13465,6377,3380,6049,11087,16916,4651,5912,74317,2020-03-19-17-45,2020-03-19-18-05,20
s.d05c196c-9c77-4cfa-979b-dafad07a323f.txt,36940,"",8974,52954,46843,72481,33114,11411,12319,13843,16664,12079,8569,20824,9515,12508,15793,45416,6866,8742,13205,15463,19880,17907,12573,11889,22239,19671,17859,11341,7997,38521,9803,10857,8160,35887,7593,13429,51692,2020-03-15-19-06,2020-03-15-20-00,54
s.b3fd315b-0a78-4eb4-aff8-e0d2334e019f.txt,1419,"","","","","","","","","","","","","","","","","","","","","","","","","","","","","","","","","","","","","",11098,2020-03-31-17-27,"",""
s.34cd9552-b798-4bc1-bf79-b7a7a09ab8f1.txt,11593,"",4483,36023,24910,32838,11399,5692,6958,3353,14216,6188,23712,8568,5674,152275,9969,355251,5354,5277,131779,4174,3946,4696,5475,5200,12630,4431,5111,6436,4521,37246,3410,7397,5656,128412,103425,2638,65933,2020-02-28-20-46,2020-02-28-21-21,35
s.be923f36-fdb8-45f5-a9ad-bef454558ac8.txt,12227,"",5827,9413,20144,29462,16398,9369,6683,5700,7196,12351,6021,6991,4237,4731,8703,5136,7898,5915,3750,5444,6039,5789,7385,6361,7777,4931,4131,5499,6279,12385,3563,7209,4484,2856,5053,6504,35800,2020-03-03-07-29,2020-03-03-07-47,18
s.12aa8a23-8c33-4746-ba30-f8250e1c133f.txt,7667,"",4889,32407,36372,30190,23391,9790,13618,5063,5619,10761,4415,7290,11004,5388,4803,6925,5661,6289,7986,5401,10856,7940,5512,7162,5376,6005,4083,8664,7348,46251,4508,12032,4729,4930,6362,3926,4479315,2020-03-05-15-29,2020-03-05-15-50,21
s.9e8353b2-e661-4b56-8742-3995ef30fdac.txt,13104,"",3582,32285,24611,16655,6972,9819,5479,6260,4434,5935,4973,4798,4590,4237,5745,4099,5788,3786,6445,3092,6304,3770,3017,4076,4866,4203,6659,5653,8345,8864,2274,4655,3823,3781,4111,1625,53345973,2020-03-07-11-15,2020-03-07-11-49,34
s.e4dc87cf-4023-43be-88fe-acd81b31cc37.txt,19862,"",6670,40906,32328,31655,7068,7887,19355,6973,10896,6028,5125,6894,11083,6940,6178,5588,11237,6363,6331,4928,7486,6797,4176,7194,7030,7271,9479,13048,7733,14479,6004,20573,7190,6585,4917,7804,18334607,2020-03-05-21-50,2020-03-05-22-12,22
s.d525660d-3c9a-4698-9986-16f73e89d55c.txt,24607,"",5469,40832,23173,23096,12781,9789,7263,8481,4783,5957,3387,4747,8868,13861,22297,10301,7830,4462,5370,11503,7579,6240,3761,11552,7514,15945,4402,7291,7946,7962,3867,5956,3856,3031,14296,5244,660516,2020-03-20-10-00,2020-03-20-10-20,20
s.cb74616e-4e2a-4b80-9c2b-b44d9a3cb71c.txt,46372,"","","","","","","","","","","","","","","","","","","","","","","","","","","","","","","","","","","","","",110095,2020-03-19-20-55,"",""
s.b633b3ff-b675-4e3f-acf3-f77bae658efb.txt,8041,"","","","","","","","","","","","","","","","","","","","","","","","","","","","","","","","","","","","","",21627,2020-03-02-16-46,"",""
s.91fdb302-67e0-498e-96ee-2608d90ff0da.txt,6892,"",3451,8225,20861,11924,7491,6315,4750,10432,4596,8619,3494,86529,9108,6795,4270,5753,3906,4220,4425,6228,8136,4285,5732,8663,8345,5417,7136,5771,6324,8135,2658,5382,10469,3967,4464,1891,6519,2020-03-20-18-20,2020-03-20-18-36,16
s.c01a5c66-8023-4178-a6a9-3b48620a26b5.txt,4808,"",4372,65234,40856,25179,10209,7445,4284,6312,3098,6482,4156,5134,7648,3347,4428,7824,9420,2756,2772,3552,5677,6025,2937,5148,6032,3354,3836,5060,4361,30688,2139,7124,3779,2042,6654,5277,16759,2020-03-06-07-28,2020-03-06-07-48,20
s.0d43f63c-935b-4fef-a167-ba2a6f8d31eb.txt,13398,"",6657,35286,23431,28121,8016,7582,10063,9066,6685,12086,9826,7163,7872,8340,8917,5492,7698,7145,7595,5887,7185,5048,11233,14243,9897,10544,11263,7993,4749,6253,8086,9136,7088,4222,16248,6031,57430,2020-03-11-21-18,2020-03-11-21-39,21
s.38a63b40-02b6-4642-b462-3d3a0ef5f9a4.txt,40004,"",5479,26761,29611,24866,9261,6176,5240,13650,7667,6062,5557,15166,7413,10383,5563,4804,8091,3878,8210,5515,6551,3866,4337,4471,5856,5077,4906,7508,6241,15252,3141,6050,4390,13128,3875,6616,779015,2020-03-10-00-35,2020-03-10-00-56,21
s.cbe11ef0-d9a9-4f46-8add-e0dfd0227182.txt,7287,"",3377,26487,24191,20634,6288,10117,7268,7336,10627,18414,4377,5279,6255,7510,13513,10816,5867,5288,8072,7421,7123,4040,5625,5212,7552,4750,5675,6118,13874,5570,4636,7029,11390,4231,3510,1478,107871,2020-03-06-11-34,2020-03-06-11-53,19
s.a5e4b18e-d689-490d-9371-0a08230a3866.txt,5291,"",5369,32340,20050,50392,8185,11601,47569,3224,6405,40376,4730,41547,6686,41133,2921,6210,3273,3410,3601,4789,4132,15044,17343,3776,5534,4433,3571,6846,8455,10841,2649,3430,3517,2092,3309,1744,13865,2020-03-12-13-32,2020-03-12-13-55,23
s.afdf0240-6c38-4931-be82-80ac864a1a22.txt,"","","","","","","","","","","","","","","","","","","","","","","","","","","","","","","","","","","","","","",11582,2020-03-01-19-23,"",""
s.ce1ebeb2-b648-46c4-8e48-9ad5c44f35d5.txt,8951,"",4840,47234,25252,24824,9620,4948,6362,5503,7251,8500,4888,5560,6050,9628,4046,8802,5377,6233,11924,7017,7258,12373,10306,4680,10453,6473,7136,11526,10419,6065,3225,7551,9956,5083,5875,6532,47026,2020-02-29-13-46,2020-02-29-14-07,21
s.fb74f245-9351-4e25-8b38-8b4c2e4aa8d9.txt,8050,"",14076,19696,22821,12455,5817,5972,4879,4509,6065,5772,5386,4642,8642,4820,11251,7811,7291,8225,3405,7099,7631,3550,3896,5002,5485,21985,9547,8576,5025,5616,2979,10791,4612,3056,7563,5596,50623,2020-02-28-22-06,2020-02-28-22-23,17
s.db574eae-04b4-4f6b-b13a-8d245b838736.txt,8861,"",5900,46065,29434,36383,14034,8995,6901,4672,7499,6197,4456,4483,6450,4658,5498,6484,6540,8327,6653,15822,8082,6702,4063,5000,6487,5913,5456,6130,3939,12229,3213,4612,4544,4562,42876,2177,44823,2020-03-03-14-02,2020-03-03-14-21,19
s.7407a112-8f89-4e13-b752-200eb260e7f7.txt,35865,"",5834,47022,35498,51448,10097,17320,11792,5692,5139,9829,6627,21419,4916,5499,19770,6687,8261,8575,19092,7353,8046,6030,5621,6289,11400,6040,11181,13818,7235,33022,4084,5150,6409,7536,6502,7255,219952,2020-03-19-16-33,2020-03-19-16-56,23
s.088c8443-2f24-4f84-8575-c95433678c6e.txt,6813,"",4103,31645,27556,18072,7755,8066,4722,6538,4266,6901,5338,3319,6874,4731,6017,5596,5612,4479,5247,4890,7332,4433,3221,20119,5873,4005,3207,8313,3667,7537,3498,4603,10464,1849,4053,1684,36657,2020-03-10-20-30,2020-03-10-20-46,16
s.a0e095f7-fbbb-4d99-91fe-99d52fbc3045.txt,7088,"",4290,19524,18675,17309,5258,5184,3165,3587,3540,3710,2471,3936,7029,5479,4028,3581,3296,4240,4158,3846,6267,2600,2525,3622,8217,3572,2604,4421,4918,4824,2373,3248,6660,1513,3556,4224,49734,2020-03-05-13-42,2020-03-05-13-58,16
s.9cdef792-5d30-4caf-950a-0cc6339b27ee.txt,54084,"",13726,75492,120982,85383,18693,21340,14219,26567,23619,27909,9994,16359,11842,24280,14467,17148,22653,13079,40410,17488,13278,27867,14203,22404,26381,20476,15879,65147,18726,21091,23231,52777,13729,13247,10944,13105,422394,2020-03-05-14-17,2020-03-05-14-59,42
s.b4557826-8fe3-4b7f-bbf4-9cb3cac700b3.txt,16041,"",4766,21432,50237,25990,7740,5064,5221,8222,4558,6474,5105,4767,6145,6372,3024,5325,5658,5492,4218,6770,7195,4610,2751,4905,5712,11439,23966,6725,5051,7637,3382,5744,3524,8273,3840,1364,14222940,2020-03-05-14-06,2020-03-08-17-37,4531
s.8db44dd8-6bba-4466-a29c-15ae9ad7e808.txt,13443,"",8791,"","","","","","","","",22701,"","","","",3941,4688,18931,"","",9235,"","","","","","","","","","","","","","","","",41078,2020-03-07-20-22,"",""
s.44634fc0-d2e3-4515-9ba1-fb8a10d7b520.txt,8801,"","","","","","","","","","","","","","","","","","","","","","","","","","","","","","","","","","","","","",19637,2020-03-15-21-09,"",""
s.af8aec68-3e0e-4ee9-80af-a68cd1ee6b03.txt,6416,"",4173,19063,13696,15546,7636,6901,4659,7295,4016,6161,5448,5749,11881,9953,3207,4278,4606,3827,7056,4252,6822,4980,5593,5140,4485,4307,8842,8450,5970,30884,3054,5266,4113,2869,3552,5174,42779,2020-03-01-18-42,2020-03-01-19-01,19
s.a44d2ad2-ca77-4a44-abff-f2f2d918f764.txt,7306,"",3650,22472,16425,17489,10301,6025,6356,4500,4268,4402,3792,5795,5451,4488,3396,5123,2817,3776,3768,6803,5026,3992,5674,5508,5173,3901,2874,7970,3554,10145,2156,3952,4182,1566,2442,4175,50703,2020-03-21-10-09,2020-03-21-10-27,18
s.1359c0fc-b631-4301-8305-a7eb10f7da4a.txt,5296,"",3517,27317,14143,14996,8345,4698,3768,2934,4502,3450,4441,2997,3047,1998,2160,4168,3679,3960,4264,3292,5211,2616,1825,2916,5163,2759,2554,3517,3004,12068,2101,3496,3141,1600,21835,2804,25446,2020-03-20-11-44,2020-03-20-11-59,15
s.aa2bb2ae-b242-4eb3-9f9f-39f97c742be1.txt,6332,"",2672,4267,6162,4842,9674,4217,7382,5915,3962,5721,4182,3263,5409,4588,2905,3117,4468,5557,3764,5009,4554,4890,6376,4264,6300,4651,4116,4625,4567,9848,3146,8599,5111,3961,3257,6609,3386,2020-03-19-15-45,2020-03-19-15-58,13
s.a26a3da4-035a-4da3-8927-cc7402524a81.txt,6393,"",33983,15828,53694,17617,7687,4137,3393,4120,3544,9543,5791,9189,2156,4580,4318,3845,8754,6442,6829,3359,3812,4492,4970,10534,6988,10747,6374,3597,5145,5608,2640,8192,6776,3820,2886,3769,42452,2020-03-05-17-53,2020-03-05-18-12,19
s.4110a6ff-0aca-442a-a8de-95c20780c44e.txt,"","","","","","","","","","","","","","","","","","","","","","","","","","","","","","","","","","","","","","",384260,2020-03-29-12-36,"",""
s.3fc43e11-98bd-4596-927e-6d824b39489e.txt,6450,"","","","","","","","","","","","","","","","","","","","","","","","","","","","","","","","","","","","","",24420,2020-03-01-19-22,"",""
s.90287aa3-f708-40e5-8a34-95a7b45e5385.txt,8578,"",6157,25804,21496,27243,15081,10327,13323,6969,6980,7935,4892,22114,8573,8763,5144,4972,6407,8474,3569,5166,10170,6683,3735,4280,7591,5286,4085,6648,3607,13021,3047,6883,4802,2950,7252,4682,127556,2020-03-02-09-03,2020-03-02-09-23,20
